Date,Day,Route,Area,Peak_Period,Weather,Student_Demand,Bus_Capacity,Occupancy_Rate,Travel_Distance_KM,Travel_Time_Min,Delay_Min,Fare_Per_Student,Revenue,Operating_Cost,Profit,Satisfaction_Score
2025-01-01,Thursday,Route_G,Market Area,Peak,Clear,62,60,100.0,13.74,59.3,19.6,36.74,2204.4,200.88,2003.52,2.4
2025-01-01,Thursday,Route_D,Central Area,Peak,Clear,44,50,88.0,7.54,17.0,1.9,30.16,1327.04,129.71,1197.33,3.7
2025-01-01,Tuesday,Route_E,Central Area,Off-Peak,Clear,59,50,100.0,8.52,22.7,0.0,35.4,1770.0,161.9,1608.1,4.5
2025-01-02,Friday,Route_G,Residential Area,Off-Peak,Clear,52,70,74.3,4.01,9.8,0.0,21.09,1096.68,79.46,1017.22,5.0
2025-01-02,Thursday,Route_C,Market Area,Off-Peak,Clear,38,60,63.3,4.74,13.9,6.2,37.37,1420.06,113.75,1306.31,4.9
2025-01-02,Monday,Route_H,North Campus,Off-Peak,Clear,34,40,85.0,15.24,39.5,0.0,44.87,1525.58,242.78,1282.8,4.6
2025-01-03,Saturday,Route_E,Residential Area,Off-Peak,Clear,32,40,80.0,11.36,38.5,3.6,34.97,1119.04,125.29,993.75,4.4
2025-01-03,Friday,Route_E,East Campus,Off-Peak,Clear,40,50,80.0,7.4,11.7,0.0,29.8,1192.0,125.94,1066.06,4.6
2025-01-03,Saturday,Route_G,Residential Area,Peak,Cloudy,66,50,100.0,14.85,35.6,0.0,42.7,2135.0,183.19,1951.81,4.1
2025-01-04,Friday,Route_B,South Campus,Peak,Cloudy,84,60,100.0,5.94,23.1,6.1,15.48,928.8,127.4,801.4,3.6
2025-01-04,Thursday,Route_C,North Campus,Peak,Cloudy,61,70,87.1,17.62,52.7,3.5,36.9,2250.9,212.14,2038.76,3.1
2025-01-04,Wednesday,Route_G,South Campus,Off-Peak,Cloudy,37,40,92.5,7.52,19.0,0.0,41.66,1541.42,140.05,1401.37,4.4
2025-01-05,Saturday,Route_C,Market Area,Off-Peak,Rainy,18,50,36.0,7.4,17.4,0.0,16.85,303.3,120.5,182.8,4.5
2025-01-05,Friday,Route_C,Station Area,Peak,Clear,81,60,100.0,6.99,27.6,7.3,28.5,1710.0,96.61,1613.39,4.0
2025-01-06,Monday,Route_H,South Campus,Off-Peak,Clear,33,50,66.0,3.95,13.6,5.5,21.14,697.62,121.77,575.85,4.4
2025-01-06,Monday,Route_E,East Campus,Off-Peak,Clear,69,40,100.0,3.78,8.8,1.7,32.0,1280.0,98.15,1181.85,4.6
2025-01-06,Wednesday,Route_D,Residential Area,Peak,Cloudy,69,50,100.0,12.37,34.2,0.0,34.49,1724.5,218.53,1505.97,3.9
2025-01-07,Friday,Route_H,Station Area,Peak,Rainy,69,30,100.0,16.0,54.4,10.6,24.08,722.4,186.06,536.34,2.5
2025-01-07,Saturday,Route_H,Residential Area,Off-Peak,Clear,41,70,58.6,14.65,41.9,0.4,28.8,1180.8,224.95,955.85,4.6
2025-01-07,Monday,Route_C,South Campus,Peak,Rainy,60,30,100.0,4.26,14.2,0.8,23.38,701.4,81.72,619.68,4.5
2025-01-08,Thursday,Route_F,Residential Area,Off-Peak,Clear,67,50,100.0,10.73,40.7,6.5,26.08,1304.0,137.01,1166.99,3.8
2025-01-08,Wednesday,Route_E,Market Area,Peak,Rainy,58,50,100.0,3.69,16.7,8.3,19.79,989.5,132.1,857.4,4.4
2025-01-08,Saturday,Route_B,Station Area,Off-Peak,Clear,21,70,30.0,2.72,10.7,8.4,41.57,872.97,112.73,760.24,5.0
2025-01-09,Friday,Route_H,Market Area,Off-Peak,Clear,57,40,100.0,12.5,36.9,1.5,15.3,612.0,178.1,433.9,3.7
2025-01-09,Friday,Route_D,South Campus,Off-Peak,Clear,51,30,100.0,10.56,30.7,0.0,41.47,1244.1,156.59,1087.51,3.6
2025-01-10,Wednesday,Route_F,Market Area,Peak,Clear,48,30,100.0,3.31,11.0,0.0,32.15,964.5,112.49,852.01,4.2
2025-01-10,Wednesday,Route_F,East Campus,Off-Peak,Clear,30,40,75.0,2.56,8.0,6.9,24.95,748.5,78.42,670.08,3.8
2025-01-10,Tuesday,Route_B,South Campus,Off-Peak,Clear,39,40,97.5,17.84,69.2,20.8,36.69,1430.91,189.13,1241.78,3.1
2025-01-11,Monday,Route_H,South Campus,Peak,Cloudy,50,50,100.0,2.48,8.0,3.5,30.23,1511.5,117.78,1393.72,5.0
2025-01-11,Friday,Route_D,South Campus,Off-Peak,Clear,56,40,100.0,9.11,21.8,0.9,29.97,1198.8,163.65,1035.15,3.5
2025-01-11,Friday,Route_E,North Campus,Peak,Clear,49,30,100.0,10.07,29.4,1.9,18.3,549.0,189.48,359.52,4.0
2025-01-12,Saturday,Route_A,Residential Area,Peak,Cloudy,60,60,100.0,3.88,11.1,0.0,26.69,1601.4,114.78,1486.62,4.5
2025-01-12,Saturday,Route_D,North Campus,Peak,Cloudy,58,50,100.0,4.7,12.2,1.8,22.23,1111.5,130.03,981.47,4.4
2025-01-12,Thursday,Route_B,North Campus,Peak,Clear,52,50,100.0,7.63,27.5,4.1,15.47,773.5,143.94,629.56,4.8
2025-01-13,Friday,Route_F,East Campus,Peak,Clear,50,40,100.0,14.19,34.5,0.0,25.8,1032.0,162.23,869.77,3.3
2025-01-13,Saturday,Route_E,Station Area,Off-Peak,Clear,45,70,64.3,10.11,39.2,13.2,17.69,796.05,123.93,672.12,3.4
2025-01-13,Friday,Route_D,Residential Area,Peak,Clear,79,40,100.0,12.21,44.1,12.0,22.7,908.0,203.88,704.12,3.5
2025-01-14,Tuesday,Route_A,Market Area,Off-Peak,Cloudy,50,70,71.4,17.76,68.5,13.4,17.78,889.0,229.4,659.6,2.7
2025-01-14,Wednesday,Route_A,Central Area,Peak,Clear,77,60,100.0,14.29,51.5,6.9,18.03,1081.8,240.78,841.02,3.5
2025-01-15,Monday,Route_C,South Campus,Peak,Clear,49,30,100.0,8.95,20.0,0.0,20.97,629.1,178.03,451.07,3.3
2025-01-15,Saturday,Route_C,Market Area,Peak,Cloudy,70,70,100.0,9.14,29.0,1.4,45.0,3150.0,169.6,2980.4,3.5
2025-01-15,Thursday,Route_G,South Campus,Off-Peak,Clear,45,40,100.0,11.9,42.4,10.1,15.07,602.8,222.92,379.88,3.2
2025-01-16,Tuesday,Route_B,East Campus,Peak,Clear,56,30,100.0,12.65,36.9,1.1,34.16,1024.8,168.16,856.64,3.0
2025-01-16,Thursday,Route_H,South Campus,Peak,Clear,45,60,75.0,10.01,41.9,17.4,19.24,865.8,192.37,673.43,3.1
2025-01-16,Thursday,Route_D,North Campus,Off-Peak,Rainy,19,60,31.7,12.32,37.7,3.7,42.62,809.78,207.16,602.62,4.0
2025-01-17,Wednesday,Route_D,Residential Area,Peak,Clear,60,50,100.0,2.38,8.0,0.9,17.81,890.5,73.9,816.6,4.9
2025-01-17,Monday,Route_H,Central Area,Peak,Cloudy,67,40,100.0,8.87,24.7,0.0,43.65,1746.0,161.08,1584.92,3.3
2025-01-17,Thursday,Route_G,West Campus,Peak,Clear,80,50,100.0,6.46,18.9,2.1,33.33,1666.5,164.51,1501.99,3.4
2025-01-18,Thursday,Route_F,South Campus,Off-Peak,Clear,48,60,80.0,4.07,16.0,0.7,15.04,721.92,90.95,630.97,4.3
2025-01-18,Friday,Route_F,Market Area,Peak,Cloudy,52,40,100.0,3.59,11.6,0.9,41.82,1672.8,67.5,1605.3,4.0
2025-01-19,Thursday,Route_G,North Campus,Off-Peak,Rainy,42,40,100.0,11.65,39.3,4.2,30.65,1226.0,201.67,1024.33,2.5
2025-01-19,Friday,Route_F,West Campus,Peak,Cloudy,55,30,100.0,10.38,40.1,9.4,22.88,686.4,167.92,518.48,3.1
2025-01-19,Thursday,Route_C,Central Area,Off-Peak,Cloudy,36,40,90.0,6.06,27.6,7.5,38.02,1368.72,144.85,1223.87,4.0
2025-01-20,Thursday,Route_D,West Campus,Off-Peak,Rainy,60,60,100.0,9.54,33.0,4.2,42.8,2568.0,154.35,2413.65,3.9
2025-01-20,Friday,Route_G,North Campus,Off-Peak,Clear,57,50,100.0,9.88,19.0,0.0,29.51,1475.5,121.99,1353.51,3.9
2025-01-20,Wednesday,Route_D,Residential Area,Peak,Clear,42,70,60.0,5.12,17.2,7.3,24.47,1027.74,110.79,916.95,5.0
2025-01-21,Monday,Route_H,Residential Area,Off-Peak,Cloudy,66,50,100.0,12.43,31.5,0.8,38.67,1933.5,138.37,1795.13,4.8
2025-01-21,Monday,Route_A,Station Area,Peak,Clear,49,60,81.7,14.49,30.4,0.0,35.45,1737.05,179.15,1557.9,3.8
2025-01-21,Friday,Route_C,Residential Area,Peak,Cloudy,63,40,100.0,14.66,55.5,14.3,41.66,1666.4,210.59,1455.81,3.3
2025-01-22,Thursday,Route_E,Station Area,Peak,Rainy,70,50,100.0,11.64,32.7,3.3,35.78,1789.0,168.01,1620.99,3.7
2025-01-22,Friday,Route_C,West Campus,Off-Peak,Clear,41,40,100.0,10.19,22.7,0.0,22.31,892.4,163.86,728.54,4.4
2025-01-23,Tuesday,Route_G,East Campus,Off-Peak,Clear,48,40,100.0,2.98,12.2,7.7,42.95,1718.0,64.23,1653.77,4.4
2025-01-23,Monday,Route_E,Market Area,Off-Peak,Cloudy,58,50,100.0,6.61,16.7,2.8,18.15,907.5,116.27,791.23,4.4
2025-01-23,Monday,Route_A,Market Area,Peak,Clear,71,70,100.0,3.49,12.4,1.3,23.04,1612.8,119.26,1493.54,5.0
2025-01-24,Wednesday,Route_G,West Campus,Peak,Cloudy,75,60,100.0,17.42,39.7,0.0,30.61,1836.6,203.82,1632.78,2.9
2025-01-24,Thursday,Route_B,South Campus,Off-Peak,Clear,65,40,100.0,4.16,10.8,6.5,31.97,1278.8,127.97,1150.83,4.1
2025-01-24,Wednesday,Route_D,South Campus,Peak,Cloudy,77,30,100.0,4.43,17.8,8.8,15.46,463.8,103.79,360.01,4.0
2025-01-25,Wednesday,Route_A,Residential Area,Peak,Clear,55,40,100.0,16.23,46.8,1.9,38.42,1536.8,209.49,1327.31,3.6
2025-01-25,Saturday,Route_D,Market Area,Peak,Cloudy,55,50,100.0,17.1,64.5,11.8,25.85,1292.5,223.88,1068.62,2.3
2025-01-25,Tuesday,Route_F,Market Area,Peak,Clear,77,60,100.0,14.25,26.9,0.0,27.19,1631.4,188.39,1443.01,3.8
2025-01-26,Wednesday,Route_B,Station Area,Peak,Clear,42,70,60.0,2.09,11.2,3.9,39.28,1649.76,105.87,1543.89,5.0
2025-01-26,Friday,Route_B,East Campus,Peak,Clear,84,30,100.0,2.02,8.0,5.0,26.38,791.4,75.42,715.98,3.9
2025-01-26,Wednesday,Route_A,North Campus,Peak,Cloudy,41,50,82.0,8.05,34.7,14.0,16.42,673.22,150.51,522.71,4.4
2025-01-27,Thursday,Route_B,South Campus,Peak,Rainy,66,50,100.0,4.29,15.0,0.0,20.29,1014.5,90.84,923.66,4.4
2025-01-27,Friday,Route_E,Market Area,Off-Peak,Clear,25,60,41.7,2.29,8.0,4.3,43.68,1092.0,104.93,987.07,5.0
2025-01-28,Saturday,Route_B,Station Area,Peak,Clear,42,50,84.0,9.43,21.5,3.1,17.11,718.62,181.37,537.25,4.6
2025-01-28,Monday,Route_D,Central Area,Peak,Clear,53,60,88.3,17.09,55.5,0.0,25.65,1359.45,202.07,1157.38,4.0
2025-01-28,Saturday,Route_D,Station Area,Off-Peak,Cloudy,21,60,35.0,7.18,16.8,0.0,30.1,632.1,130.65,501.45,4.4
2025-01-29,Wednesday,Route_G,South Campus,Peak,Cloudy,36,30,100.0,12.58,48.8,7.2,29.8,894.0,194.03,699.97,3.4
2025-01-29,Tuesday,Route_D,South Campus,Off-Peak,Clear,46,60,76.7,12.44,33.9,0.0,15.12,695.52,170.92,524.6,3.6
2025-01-29,Wednesday,Route_G,Station Area,Off-Peak,Clear,26,40,65.0,6.02,11.2,0.0,30.03,780.78,106.52,674.26,4.3
2025-01-30,Saturday,Route_D,North Campus,Peak,Clear,53,60,88.3,12.41,39.4,4.6,26.51,1405.03,155.8,1249.23,4.0
2025-01-30,Wednesday,Route_E,West Campus,Peak,Clear,67,50,100.0,5.4,15.1,3.3,44.16,2208.0,124.84,2083.16,3.9
2025-01-30,Tuesday,Route_H,South Campus,Off-Peak,Clear,40,50,80.0,3.95,10.9,2.3,19.77,790.8,112.64,678.16,4.8
2025-01-31,Thursday,Route_G,Station Area,Off-Peak,Rainy,56,70,80.0,13.22,53.1,12.6,25.62,1434.72,151.68,1283.04,4.1
2025-01-31,Tuesday,Route_C,Market Area,Peak,Clear,64,70,91.4,3.82,8.0,0.0,27.58,1765.12,89.03,1676.09,5.0
2025-02-01,Monday,Route_F,Station Area,Peak,Cloudy,54,60,90.0,17.95,64.3,13.3,26.72,1442.88,237.47,1205.41,4.0
2025-02-01,Monday,Route_A,East Campus,Peak,Clear,66,50,100.0,4.94,26.3,10.8,34.97,1748.5,89.22,1659.28,4.6
2025-02-01,Monday,Route_D,West Campus,Off-Peak,Clear,64,60,100.0,11.51,34.2,0.0,21.47,1288.2,168.35,1119.85,5.0
2025-02-02,Monday,Route_B,Central Area,Peak,Cloudy,70,50,100.0,8.58,15.9,0.0,21.63,1081.5,108.64,972.86,4.3
2025-02-02,Monday,Route_H,North Campus,Off-Peak,Cloudy,34,60,56.7,4.02,11.9,0.0,36.88,1253.92,124.23,1129.69,4.4
2025-02-02,Thursday,Route_D,Residential Area,Peak,Rainy,70,50,100.0,2.45,9.5,5.4,30.01,1500.5,66.04,1434.46,3.9
2025-02-03,Tuesday,Route_B,Central Area,Peak,Clear,71,70,100.0,11.96,38.8,8.8,27.45,1921.5,172.93,1748.57,4.4
2025-02-03,Tuesday,Route_F,West Campus,Peak,Clear,40,70,57.1,14.91,42.7,7.8,20.08,803.2,148.17,655.03,3.7
2025-02-03,Saturday,Route_F,West Campus,Peak,Cloudy,49,60,81.7,15.47,32.0,0.0,20.63,1010.87,217.56,793.31,4.1
2025-02-04,Wednesday,Route_F,West Campus,Peak,Clear,59,40,100.0,9.72,30.0,4.8,15.32,612.8,185.28,427.52,3.4
2025-02-04,Thursday,Route_B,Central Area,Peak,Clear,69,40,100.0,14.44,57.9,14.8,17.74,709.6,178.08,531.52,2.3
2025-02-04,Monday,Route_D,Market Area,Peak,Clear,41,60,68.3,12.77,46.3,8.4,31.71,1300.11,167.45,1132.66,3.8
2025-02-05,Tuesday,Route_F,West Campus,Off-Peak,Clear,70,40,100.0,13.59,48.6,13.7,41.76,1670.4,207.44,1462.96,2.3
2025-02-05,Monday,Route_E,Station Area,Peak,Rainy,54,60,90.0,9.88,38.0,9.5,23.61,1274.94,138.06,1136.88,4.0
2025-02-06,Monday,Route_G,Central Area,Peak,Clear,47,50,94.0,12.13,34.0,0.0,24.83,1167.01,183.96,983.05,4.7
2025-02-06,Tuesday,Route_B,Residential Area,Off-Peak,Clear,64,50,100.0,14.89,54.2,15.2,18.47,923.5,211.6,711.9,2.0
2025-02-06,Monday,Route_B,West Campus,Off-Peak,Clear,45,70,64.3,8.37,21.1,0.0,26.66,1199.7,169.33,1030.37,3.8
2025-02-07,Monday,Route_D,Station Area,Off-Peak,Clear,39,50,78.0,14.9,47.8,9.6,16.12,628.68,183.39,445.29,3.8
2025-02-07,Monday,Route_B,Market Area,Off-Peak,Clear,46,50,92.0,11.47,40.7,10.0,42.53,1956.38,157.73,1798.65,4.4
2025-02-07,Wednesday,Route_B,East Campus,Peak,Clear,67,50,100.0,4.65,9.2,0.0,35.19,1759.5,96.79,1662.71,4.2
2025-02-08,Tuesday,Route_F,Market Area,Peak,Clear,56,50,100.0,2.39,9.7,2.6,44.72,2236.0,92.83,2143.17,3.8
2025-02-08,Wednesday,Route_D,Residential Area,Off-Peak,Cloudy,51,60,85.0,7.8,32.4,12.5,41.48,2115.48,139.76,1975.72,4.7
2025-02-08,Wednesday,Route_F,West Campus,Off-Peak,Clear,65,40,100.0,10.75,32.8,1.3,29.19,1167.6,164.19,1003.41,3.1
2025-02-09,Thursday,Route_G,Residential Area,Peak,Clear,84,70,100.0,15.44,59.4,16.5,30.59,2141.3,188.64,1952.66,2.6
2025-02-09,Monday,Route_H,Central Area,Off-Peak,Rainy,45,70,64.3,4.04,12.8,2.4,20.72,932.4,84.12,848.28,4.9
2025-02-10,Friday,Route_G,South Campus,Peak,Cloudy,67,40,100.0,14.8,49.4,9.9,28.86,1154.4,246.6,907.8,2.5
2025-02-10,Thursday,Route_H,West Campus,Peak,Clear,44,60,73.3,15.81,49.3,3.8,42.09,1851.96,215.11,1636.85,3.1
2025-02-10,Monday,Route_F,South Campus,Peak,Clear,62,50,100.0,4.41,14.2,9.1,16.53,826.5,85.45,741.05,4.0
2025-02-11,Friday,Route_G,Station Area,Peak,Clear,45,40,100.0,15.63,65.7,20.0,40.91,1636.4,215.7,1420.7,3.6
2025-02-11,Saturday,Route_D,East Campus,Peak,Cloudy,42,70,60.0,17.86,72.3,19.1,25.23,1059.66,250.27,809.39,3.2
2025-02-11,Monday,Route_A,North Campus,Peak,Rainy,78,30,100.0,13.63,51.8,13.9,41.99,1259.7,197.84,1061.86,2.4
2025-02-12,Tuesday,Route_F,Residential Area,Off-Peak,Cloudy,57,40,100.0,14.56,36.3,0.0,43.23,1729.2,194.6,1534.6,2.5
2025-02-12,Friday,Route_H,Market Area,Peak,Clear,75,50,100.0,17.91,73.9,25.4,35.13,1756.5,228.08,1528.42,2.2
2025-02-12,Friday,Route_E,East Campus,Peak,Cloudy,72,50,100.0,11.69,25.4,0.0,34.93,1746.5,184.8,1561.7,4.0
2025-02-13,Tuesday,Route_H,West Campus,Off-Peak,Clear,30,50,60.0,6.93,24.3,6.5,28.58,857.4,113.4,744.0,3.8
2025-02-13,Tuesday,Route_E,South Campus,Off-Peak,Clear,63,60,100.0,15.4,40.6,0.0,40.07,2404.2,245.26,2158.94,3.8
2025-02-14,Wednesday,Route_B,Market Area,Off-Peak,Clear,47,50,94.0,11.83,27.0,0.0,43.85,2060.95,187.02,1873.93,4.7
2025-02-14,Wednesday,Route_G,South Campus,Off-Peak,Rainy,45,50,90.0,11.3,43.6,14.8,38.25,1721.25,135.81,1585.44,3.9
2025-02-14,Thursday,Route_E,Central Area,Off-Peak,Clear,67,30,100.0,6.06,13.2,0.0,33.66,1009.8,120.94,888.86,3.5
2025-02-15,Wednesday,Route_H,South Campus,Peak,Cloudy,60,50,100.0,14.1,42.9,0.0,33.2,1660.0,200.62,1459.38,3.5
2025-02-15,Wednesday,Route_B,Central Area,Peak,Clear,49,40,100.0,3.31,12.0,4.2,40.48,1619.2,128.33,1490.87,4.9
2025-02-15,Friday,Route_A,Station Area,Peak,Clear,47,40,100.0,16.79,34.7,0.0,31.24,1249.6,226.49,1023.11,3.8
2025-02-16,Monday,Route_D,Market Area,Peak,Clear,53,50,100.0,7.21,17.3,0.1,39.12,1956.0,163.38,1792.62,5.0
2025-02-16,Tuesday,Route_D,Market Area,Peak,Clear,53,40,100.0,4.04,8.0,0.0,30.27,1210.8,130.67,1080.13,4.8
2025-02-16,Friday,Route_D,North Campus,Off-Peak,Cloudy,32,40,80.0,9.08,30.1,5.3,16.87,539.84,126.16,413.68,4.5
2025-02-17,Saturday,Route_E,West Campus,Peak,Clear,58,40,100.0,2.68,8.0,0.0,26.52,1060.8,87.56,973.24,4.8
2025-02-17,Wednesday,Route_A,Central Area,Peak,Cloudy,66,70,94.3,12.95,41.3,4.5,28.33,1869.78,203.33,1666.45,3.3
2025-02-17,Thursday,Route_E,North Campus,Peak,Cloudy,78,70,100.0,16.44,42.9,0.0,19.25,1347.5,241.43,1106.07,3.5
2025-02-18,Monday,Route_G,South Campus,Off-Peak,Rainy,56,50,100.0,15.4,66.5,23.0,18.07,903.5,165.49,738.01,2.6
2025-02-18,Wednesday,Route_E,South Campus,Peak,Clear,70,70,100.0,4.04,15.4,4.0,31.06,2174.2,110.74,2063.46,5.0
2025-02-19,Thursday,Route_A,North Campus,Off-Peak,Clear,45,60,75.0,4.02,12.4,3.9,17.55,789.75,135.79,653.96,5.0
2025-02-19,Tuesday,Route_A,Market Area,Peak,Clear,48,50,96.0,15.01,57.8,13.7,24.09,1156.32,188.83,967.49,3.1
2025-02-19,Tuesday,Route_G,South Campus,Peak,Rainy,40,30,100.0,16.79,59.4,12.3,37.34,1120.2,231.74,888.46,2.3
2025-02-20,Wednesday,Route_A,Residential Area,Peak,Rainy,57,60,95.0,9.37,36.4,12.7,43.93,2504.01,152.53,2351.48,3.2
2025-02-20,Monday,Route_H,Station Area,Off-Peak,Clear,70,60,100.0,9.98,33.9,4.4,36.54,2192.4,130.3,2062.1,3.9
2025-02-20,Tuesday,Route_A,Station Area,Peak,Cloudy,82,50,100.0,7.09,15.1,0.0,44.78,2239.0,130.58,2108.42,3.5
2025-02-21,Tuesday,Route_D,Residential Area,Off-Peak,Clear,42,60,70.0,16.31,62.1,16.6,35.95,1509.9,224.08,1285.82,3.3
2025-02-21,Tuesday,Route_H,North Campus,Peak,Cloudy,74,50,100.0,12.32,38.8,0.0,23.81,1190.5,208.9,981.6,2.5
2025-02-21,Monday,Route_H,Residential Area,Peak,Clear,64,60,100.0,6.61,20.3,5.8,35.16,2109.6,119.77,1989.83,5.0
2025-02-22,Saturday,Route_G,Central Area,Off-Peak,Cloudy,28,70,40.0,6.78,20.0,1.7,36.06,1009.68,122.81,886.87,4.8
2025-02-22,Thursday,Route_C,Central Area,Off-Peak,Clear,36,50,72.0,16.26,61.8,14.7,26.15,941.4,181.64,759.76,3.1
2025-02-23,Thursday,Route_C,North Campus,Off-Peak,Cloudy,26,60,43.3,2.22,8.0,5.0,15.53,403.78,118.34,285.44,5.0
2025-02-23,Friday,Route_A,Residential Area,Off-Peak,Cloudy,31,50,62.0,7.16,24.7,6.7,36.1,1119.1,114.25,1004.85,4.8
2025-02-23,Wednesday,Route_H,Central Area,Off-Peak,Cloudy,40,60,66.7,10.87,22.6,0.0,15.65,626.0,125.95,500.05,4.2
2025-02-24,Monday,Route_C,Market Area,Off-Peak,Clear,27,60,45.0,4.37,13.0,4.5,33.94,916.38,98.54,817.84,4.8
2025-02-24,Thursday,Route_C,Residential Area,Off-Peak,Clear,69,30,100.0,3.47,9.6,0.0,19.91,597.3,116.34,480.96,3.0
2025-02-24,Thursday,Route_A,Market Area,Off-Peak,Clear,27,50,54.0,15.04,50.9,9.9,31.97,863.19,173.52,689.67,3.9
2025-02-25,Friday,Route_C,Central Area,Off-Peak,Clear,51,40,100.0,16.31,51.8,1.6,30.12,1204.8,174.66,1030.14,3.0
2025-02-25,Wednesday,Route_E,Station Area,Peak,Clear,80,60,100.0,15.18,43.4,1.4,15.41,924.6,178.3,746.3,2.3
2025-02-25,Monday,Route_B,Central Area,Off-Peak,Rainy,58,50,100.0,16.38,53.0,4.9,25.89,1294.5,225.04,1069.46,2.6
2025-02-26,Tuesday,Route_G,Market Area,Peak,Clear,80,60,100.0,10.85,30.2,0.0,33.03,1981.8,142.43,1839.37,4.0
2025-02-26,Wednesday,Route_B,East Campus,Off-Peak,Clear,57,40,100.0,15.0,46.2,4.0,40.46,1618.4,207.41,1410.99,3.9
2025-02-26,Thursday,Route_A,West Campus,Off-Peak,Clear,52,50,100.0,8.14,26.5,4.0,41.66,2083.0,143.43,1939.57,4.2
2025-02-27,Thursday,Route_D,South Campus,Peak,Clear,35,40,87.5,12.66,51.1,10.5,29.52,1033.2,168.9,864.3,3.0
2025-02-27,Wednesday,Route_G,Residential Area,Off-Peak,Cloudy,32,60,53.3,17.82,76.8,19.0,36.85,1179.2,212.43,966.77,1.9
2025-02-28,Saturday,Route_A,East Campus,Peak,Clear,68,70,97.1,5.61,26.8,11.5,24.49,1665.32,111.66,1553.66,4.9
2025-02-28,Thursday,Route_H,Central Area,Peak,Rainy,74,70,100.0,8.24,26.1,8.2,25.27,1768.9,158.27,1610.63,4.4
2025-02-28,Tuesday,Route_D,Station Area,Off-Peak,Clear,67,60,100.0,9.68,32.4,6.3,20.83,1249.8,190.33,1059.47,3.7
2025-03-01,Monday,Route_B,North Campus,Peak,Rainy,78,60,100.0,4.21,21.4,8.8,31.86,1911.6,103.41,1808.19,3.7
2025-03-01,Monday,Route_A,Central Area,Off-Peak,Rainy,24,40,60.0,3.3,15.1,10.4,24.44,586.56,120.14,466.42,5.0
2025-03-01,Tuesday,Route_H,Station Area,Off-Peak,Clear,54,40,100.0,15.28,39.9,0.0,17.53,701.2,206.19,495.01,3.7
2025-03-02,Monday,Route_G,West Campus,Peak,Rainy,48,50,96.0,17.63,44.8,0.0,35.55,1706.4,238.56,1467.84,3.2
2025-03-02,Tuesday,Route_G,Central Area,Peak,Clear,82,60,100.0,8.48,17.7,0.0,36.23,2173.8,142.63,2031.17,3.5
2025-03-02,Tuesday,Route_F,Market Area,Peak,Cloudy,62,70,88.6,3.4,11.5,6.0,25.8,1599.6,96.49,1503.11,4.3
2025-03-03,Monday,Route_H,North Campus,Peak,Clear,74,40,100.0,3.05,8.0,3.0,17.3,692.0,93.76,598.24,3.9
2025-03-03,Saturday,Route_E,Station Area,Off-Peak,Rainy,28,70,40.0,16.26,43.4,0.0,27.79,778.12,268.82,509.3,3.4
2025-03-04,Monday,Route_C,Station Area,Peak,Rainy,47,60,78.3,9.42,19.4,0.0,28.27,1328.69,133.32,1195.37,5.0
2025-03-04,Thursday,Route_D,Station Area,Peak,Cloudy,45,50,90.0,7.12,16.4,0.0,35.06,1577.7,125.66,1452.04,4.4
2025-03-04,Wednesday,Route_H,West Campus,Peak,Cloudy,78,40,100.0,9.62,35.4,11.9,24.46,978.4,148.94,829.46,2.4
2025-03-05,Saturday,Route_F,Central Area,Peak,Clear,55,30,100.0,7.09,19.9,0.0,35.48,1064.4,107.07,957.33,3.3
2025-03-05,Monday,Route_C,West Campus,Off-Peak,Clear,25,50,50.0,9.82,40.6,12.7,41.14,1028.5,165.27,863.23,3.7
2025-03-05,Wednesday,Route_C,Residential Area,Peak,Clear,89,60,100.0,15.75,56.9,8.2,22.12,1327.2,177.21,1149.99,1.7
2025-03-06,Saturday,Route_A,South Campus,Off-Peak,Clear,42,40,100.0,11.48,47.0,12.9,44.37,1774.8,141.15,1633.65,3.5
2025-03-06,Friday,Route_C,South Campus,Peak,Cloudy,74,50,100.0,13.11,27.4,0.0,26.59,1329.5,219.88,1109.62,3.0
2025-03-06,Friday,Route_E,Residential Area,Off-Peak,Clear,37,60,61.7,7.83,32.9,12.9,23.02,851.74,146.26,705.48,4.6
2025-03-07,Tuesday,Route_G,Central Area,Peak,Rainy,72,60,100.0,13.82,46.3,5.5,27.65,1659.0,200.69,1458.31,3.3
2025-03-07,Monday,Route_F,Market Area,Peak,Cloudy,39,70,55.7,12.67,54.0,16.4,17.83,695.37,155.28,540.09,4.3
2025-03-08,Thursday,Route_C,West Campus,Off-Peak,Cloudy,52,50,100.0,3.91,14.6,7.4,18.77,938.5,96.16,842.34,4.5
2025-03-08,Saturday,Route_A,North Campus,Peak,Clear,83,40,100.0,11.16,34.5,4.0,27.43,1097.2,202.88,894.32,1.5
2025-03-08,Thursday,Route_E,Station Area,Off-Peak,Rainy,48,60,80.0,6.11,14.3,0.0,37.87,1817.76,146.02,1671.74,5.0
2025-03-09,Thursday,Route_B,Station Area,Off-Peak,Rainy,44,50,88.0,14.87,40.8,2.8,42.01,1848.44,182.06,1666.38,4.0
2025-03-09,Tuesday,Route_G,Central Area,Peak,Clear,48,30,100.0,8.82,22.8,0.0,34.94,1048.2,191.11,857.09,4.2
2025-03-09,Friday,Route_G,Market Area,Peak,Cloudy,58,40,100.0,17.91,45.2,0.0,18.16,726.4,231.07,495.33,2.7
2025-03-10,Tuesday,Route_F,South Campus,Off-Peak,Cloudy,27,50,54.0,3.48,12.3,5.5,35.16,949.32,130.82,818.5,4.8
2025-03-10,Tuesday,Route_G,South Campus,Peak,Clear,70,40,100.0,14.49,47.0,2.9,34.06,1362.4,168.77,1193.63,2.9
2025-03-10,Wednesday,Route_C,Station Area,Peak,Clear,44,40,100.0,12.78,22.5,0.0,39.17,1566.8,174.22,1392.58,4.2
2025-03-11,Wednesday,Route_A,Central Area,Peak,Clear,64,40,100.0,14.28,33.5,0.0,39.76,1590.4,193.39,1397.01,2.6
2025-03-11,Tuesday,Route_G,West Campus,Peak,Clear,61,30,100.0,6.92,26.2,15.8,41.05,1231.5,141.98,1089.52,4.8
2025-03-11,Monday,Route_G,South Campus,Peak,Clear,68,50,100.0,9.87,22.5,0.0,27.42,1371.0,130.25,1240.75,4.3
2025-03-12,Thursday,Route_B,West Campus,Off-Peak,Clear,50,50,100.0,14.74,45.1,6.4,35.94,1797.0,200.56,1596.44,3.8
2025-03-12,Tuesday,Route_B,Market Area,Off-Peak,Clear,29,60,48.3,5.72,22.9,10.2,23.05,668.45,95.35,573.1,5.0
2025-03-13,Thursday,Route_D,South Campus,Off-Peak,Clear,59,40,100.0,5.62,17.0,0.0,44.98,1799.2,128.13,1671.07,4.4
2025-03-13,Monday,Route_E,South Campus,Off-Peak,Rainy,46,40,100.0,10.82,45.0,9.9,20.26,810.4,177.11,633.29,3.2
2025-03-13,Wednesday,Route_C,East Campus,Peak,Clear,72,50,100.0,10.38,35.1,6.7,15.3,765.0,165.07,599.93,4.0
2025-03-14,Thursday,Route_G,South Campus,Off-Peak,Rainy,31,50,62.0,6.52,22.3,8.5,19.46,603.26,123.12,480.14,4.8
2025-03-14,Monday,Route_H,Residential Area,Peak,Clear,70,50,100.0,6.77,21.6,4.2,38.28,1914.0,154.99,1759.01,3.7
2025-03-14,Tuesday,Route_G,North Campus,Peak,Clear,42,50,84.0,6.45,23.1,6.0,28.4,1192.8,129.71,1063.09,4.7
2025-03-15,Monday,Route_A,Residential Area,Peak,Clear,54,70,77.1,14.34,55.9,14.0,28.43,1535.22,189.11,1346.11,3.1
2025-03-15,Monday,Route_D,Central Area,Peak,Clear,81,40,100.0,12.43,46.0,6.7,43.65,1746.0,220.67,1525.33,2.7
2025-03-15,Saturday,Route_E,Central Area,Off-Peak,Clear,36,50,72.0,15.32,49.4,2.6,42.59,1533.24,245.93,1287.31,3.7
2025-03-16,Tuesday,Route_H,West Campus,Off-Peak,Cloudy,26,60,43.3,17.61,47.3,0.0,24.34,632.84,266.9,365.94,4.2
2025-03-16,Friday,Route_D,Residential Area,Peak,Clear,80,50,100.0,9.59,26.4,0.0,21.27,1063.5,125.56,937.94,3.2
2025-03-17,Tuesday,Route_F,Residential Area,Peak,Cloudy,77,40,100.0,3.07,10.6,1.8,40.45,1618.0,88.23,1529.77,4.1
2025-03-17,Thursday,Route_E,Residential Area,Off-Peak,Cloudy,33,50,66.0,2.77,15.9,11.9,42.18,1391.94,68.07,1323.87,5.0
2025-03-17,Friday,Route_G,Market Area,Peak,Clear,58,60,96.7,6.73,23.9,4.4,31.25,1812.5,123.05,1689.45,4.3
2025-03-18,Thursday,Route_G,South Campus,Peak,Clear,68,40,100.0,16.92,58.5,10.5,33.88,1355.2,259.29,1095.91,2.5
2025-03-18,Wednesday,Route_E,North Campus,Peak,Cloudy,77,40,100.0,10.37,28.7,0.0,22.71,908.4,120.57,787.83,4.2
2025-03-18,Wednesday,Route_G,West Campus,Off-Peak,Clear,46,40,100.0,6.35,22.7,7.1,39.02,1560.8,137.96,1422.84,4.5
2025-03-19,Tuesday,Route_C,Residential Area,Off-Peak,Clear,27,60,45.0,8.39,16.9,0.0,33.96,916.92,141.79,775.13,3.9
2025-03-19,Saturday,Route_E,Residential Area,Peak,Rainy,44,30,100.0,11.58,24.0,0.0,30.11,903.3,200.23,703.07,3.7
2025-03-19,Friday,Route_D,East Campus,Peak,Clear,70,70,100.0,12.45,36.5,0.0,16.8,1176.0,174.74,1001.26,4.2
2025-03-20,Saturday,Route_E,West Campus,Off-Peak,Cloudy,55,50,100.0,4.46,13.0,0.3,42.48,2124.0,121.83,2002.17,4.8
2025-03-20,Monday,Route_H,Residential Area,Off-Peak,Rainy,49,70,70.0,17.63,53.4,2.4,33.46,1639.54,196.22,1443.32,3.4
2025-03-20,Friday,Route_G,West Campus,Peak,Clear,57,70,81.4,10.72,38.2,10.3,20.78,1184.46,152.54,1031.92,4.8
2025-03-21,Saturday,Route_C,South Campus,Off-Peak,Clear,48,50,96.0,4.17,10.6,4.2,33.19,1593.12,107.29,1485.83,4.6
2025-03-21,Tuesday,Route_C,East Campus,Peak,Clear,65,40,100.0,16.3,59.5,14.9,35.32,1412.8,233.26,1179.54,2.5
2025-03-22,Monday,Route_F,West Campus,Peak,Clear,68,40,100.0,3.19,14.1,10.8,30.77,1230.8,94.21,1136.59,3.1
2025-03-22,Friday,Route_D,North Campus,Off-Peak,Clear,45,40,100.0,16.52,47.6,0.0,36.54,1461.6,256.99,1204.61,3.9
2025-03-22,Thursday,Route_B,North Campus,Peak,Cloudy,76,60,100.0,17.95,71.0,22.7,32.44,1946.4,192.67,1753.73,2.0
2025-03-23,Friday,Route_B,Central Area,Peak,Clear,77,40,100.0,13.21,48.6,14.0,43.43,1737.2,185.24,1551.96,3.0
2025-03-23,Monday,Route_E,East Campus,Peak,Clear,78,40,100.0,14.33,47.1,0.0,16.61,664.4,145.51,518.89,3.0
2025-03-23,Friday,Route_F,East Campus,Peak,Rainy,42,50,84.0,7.4,28.1,7.2,18.19,763.98,145.62,618.36,5.0
2025-03-24,Tuesday,Route_A,Central Area,Off-Peak,Cloudy,35,70,50.0,17.07,59.3,11.9,20.21,707.35,205.82,501.53,3.4
2025-03-24,Monday,Route_E,West Campus,Peak,Cloudy,57,40,100.0,10.48,28.4,0.0,35.71,1428.4,158.45,1269.95,3.6
2025-03-24,Monday,Route_F,East Campus,Off-Peak,Clear,46,30,100.0,13.72,53.2,10.8,34.37,1031.1,192.9,838.2,3.1
2025-03-25,Friday,Route_D,North Campus,Peak,Cloudy,60,30,100.0,16.79,53.2,11.2,41.76,1252.8,238.49,1014.31,2.2
2025-03-25,Thursday,Route_D,North Campus,Peak,Clear,48,70,68.6,17.6,47.4,0.0,36.99,1775.52,216.24,1559.28,3.7
2025-03-26,Thursday,Route_D,Residential Area,Peak,Clear,79,50,100.0,15.33,31.0,0.0,30.25,1512.5,169.82,1342.68,3.3
2025-03-26,Wednesday,Route_D,South Campus,Off-Peak,Clear,35,40,87.5,6.85,25.5,3.0,44.75,1566.25,136.25,1430.0,4.3
2025-03-26,Friday,Route_D,East Campus,Peak,Rainy,65,40,100.0,17.46,63.5,11.3,22.98,919.2,234.72,684.48,1.9
2025-03-27,Wednesday,Route_F,West Campus,Off-Peak,Clear,39,40,97.5,12.05,34.2,0.0,40.0,1560.0,221.68,1338.32,4.1
2025-03-27,Friday,Route_F,Central Area,Peak,Clear,62,30,100.0,16.89,62.4,17.0,27.8,834.0,164.62,669.38,2.6
2025-03-27,Wednesday,Route_C,Central Area,Off-Peak,Clear,59,70,84.3,12.82,51.9,17.0,34.46,2033.14,202.6,1830.54,2.6
2025-03-28,Wednesday,Route_H,West Campus,Peak,Clear,75,60,100.0,6.92,14.8,0.0,36.82,2209.2,138.32,2070.88,4.0
2025-03-28,Wednesday,Route_B,Market Area,Off-Peak,Cloudy,44,50,88.0,7.92,20.2,0.1,34.01,1496.44,167.24,1329.2,4.6
2025-03-28,Tuesday,Route_G,Station Area,Off-Peak,Cloudy,40,60,66.7,10.81,41.5,10.3,19.22,768.8,126.77,642.03,2.7
2025-03-29,Friday,Route_D,South Campus,Off-Peak,Cloudy,58,40,100.0,14.64,34.2,0.0,28.29,1131.6,195.9,935.7,4.3
2025-03-29,Wednesday,Route_A,Central Area,Off-Peak,Clear,26,60,43.3,7.09,23.5,4.9,31.84,827.84,131.05,696.79,4.1
2025-03-30,Tuesday,Route_G,East Campus,Off-Peak,Clear,59,60,98.3,11.28,28.7,0.0,40.47,2387.73,185.3,2202.43,3.8
2025-03-30,Saturday,Route_F,South Campus,Peak,Clear,74,50,100.0,7.53,28.3,8.6,28.31,1415.5,136.14,1279.36,3.5
2025-03-30,Wednesday,Route_A,East Campus,Peak,Clear,62,60,100.0,15.05,54.2,12.3,42.56,2553.6,217.98,2335.62,3.3
2025-03-31,Thursday,Route_A,Market Area,Peak,Clear,72,40,100.0,9.47,37.4,14.8,28.21,1128.4,197.96,930.44,2.8
2025-03-31,Saturday,Route_A,North Campus,Off-Peak,Cloudy,30,40,75.0,3.23,17.4,11.6,31.46,943.8,76.32,867.48,5.0
2025-03-31,Thursday,Route_C,South Campus,Peak,Clear,43,30,100.0,4.66,17.3,4.3,38.89,1166.7,90.54,1076.16,4.4
2025-04-01,Monday,Route_F,Residential Area,Off-Peak,Clear,44,50,88.0,2.98,9.5,2.3,32.49,1429.56,114.64,1314.92,4.5
2025-04-01,Saturday,Route_A,Central Area,Peak,Clear,37,60,61.7,9.99,34.9,10.6,43.81,1620.97,122.39,1498.58,3.7
2025-04-01,Thursday,Route_D,South Campus,Peak,Clear,41,70,58.6,3.7,8.1,0.0,34.81,1427.21,138.86,1288.35,4.2
2025-04-02,Tuesday,Route_E,South Campus,Peak,Clear,66,50,100.0,3.83,15.8,5.2,30.68,1534.0,111.0,1423.0,3.7
2025-04-02,Monday,Route_A,South Campus,Off-Peak,Rainy,20,60,33.3,17.06,36.5,0.0,15.71,314.2,210.86,103.34,4.1
2025-04-02,Friday,Route_C,Station Area,Peak,Cloudy,39,60,65.0,15.96,65.5,20.4,27.41,1068.99,182.95,886.04,2.5
2025-04-03,Thursday,Route_G,South Campus,Peak,Rainy,61,40,100.0,9.23,23.8,0.0,23.98,959.2,120.91,838.29,4.7
2025-04-03,Thursday,Route_F,East Campus,Peak,Clear,82,50,100.0,17.77,55.3,7.8,37.44,1872.0,237.24,1634.76,2.5
2025-04-04,Saturday,Route_H,North Campus,Peak,Clear,42,30,100.0,2.0,8.0,0.9,21.25,637.5,115.41,522.09,4.0
2025-04-04,Friday,Route_C,Market Area,Peak,Clear,61,60,100.0,11.82,48.2,19.2,21.16,1269.6,225.82,1043.78,3.0
2025-04-04,Monday,Route_A,West Campus,Peak,Clear,74,70,100.0,11.86,47.7,13.3,20.69,1448.3,179.14,1269.16,3.9
2025-04-05,Tuesday,Route_F,South Campus,Off-Peak,Cloudy,70,40,100.0,9.32,29.2,0.0,18.77,750.8,117.96,632.84,3.4
2025-04-05,Tuesday,Route_E,Central Area,Peak,Clear,58,60,96.7,8.35,38.6,16.1,24.33,1411.14,114.59,1296.55,4.3
2025-04-05,Friday,Route_A,South Campus,Peak,Clear,68,50,100.0,9.29,29.1,0.4,41.58,2079.0,158.18,1920.82,3.6
2025-04-06,Monday,Route_C,Central Area,Peak,Clear,44,50,88.0,8.64,28.3,4.5,38.25,1683.0,147.71,1535.29,4.0
2025-04-06,Thursday,Route_B,East Campus,Peak,Clear,49,50,98.0,13.69,52.3,11.5,37.06,1815.94,155.59,1660.35,3.9
2025-04-06,Friday,Route_D,Central Area,Peak,Cloudy,71,50,100.0,4.17,15.2,7.5,38.92,1946.0,93.15,1852.85,3.8
2025-04-07,Friday,Route_H,Residential Area,Peak,Clear,48,30,100.0,5.16,23.7,10.6,23.08,692.4,111.31,581.09,4.1
2025-04-07,Tuesday,Route_G,West Campus,Peak,Clear,69,40,100.0,4.89,13.2,0.0,41.62,1664.8,142.1,1522.7,3.9
2025-04-08,Friday,Route_C,North Campus,Peak,Clear,50,30,100.0,6.2,12.9,0.0,19.12,573.6,122.41,451.19,4.6
2025-04-08,Monday,Route_F,Central Area,Off-Peak,Clear,39,50,78.0,10.4,41.5,14.4,25.09,978.51,165.11,813.4,4.6
2025-04-08,Friday,Route_H,Central Area,Off-Peak,Cloudy,42,30,100.0,3.78,8.4,2.9,32.6,978.0,101.13,876.87,4.4
2025-04-09,Monday,Route_H,North Campus,Off-Peak,Rainy,56,60,93.3,15.89,65.5,19.7,18.09,1013.04,189.45,823.59,2.7
2025-04-09,Wednesday,Route_H,West Campus,Peak,Rainy,42,50,84.0,6.76,25.9,4.5,36.9,1549.8,101.47,1448.33,4.6
2025-04-09,Friday,Route_A,South Campus,Peak,Cloudy,71,60,100.0,4.6,12.2,3.6,26.62,1597.2,98.21,1498.99,4.0
2025-04-10,Monday,Route_D,Central Area,Peak,Clear,61,50,100.0,12.81,40.0,5.7,38.53,1926.5,171.63,1754.87,4.3
2025-04-10,Tuesday,Route_A,North Campus,Peak,Cloudy,60,50,100.0,2.61,8.0,6.1,29.79,1489.5,69.8,1419.7,5.0
2025-04-10,Friday,Route_F,Residential Area,Off-Peak,Clear,58,70,82.9,11.92,30.1,0.0,20.43,1184.94,142.07,1042.87,3.7
2025-04-11,Friday,Route_A,Residential Area,Peak,Clear,90,30,100.0,13.17,28.8,0.0,37.04,1111.2,180.05,931.15,2.0
2025-04-11,Thursday,Route_B,East Campus,Peak,Cloudy,75,40,100.0,5.44,17.7,4.9,22.56,902.4,124.08,778.32,3.2
2025-04-12,Thursday,Route_D,North Campus,Peak,Clear,56,60,93.3,2.67,8.0,3.0,29.72,1664.32,97.98,1566.34,4.4
2025-04-12,Thursday,Route_D,East Campus,Off-Peak,Rainy,56,30,100.0,7.82,25.8,2.6,17.27,518.1,142.98,375.12,4.0
2025-04-12,Tuesday,Route_F,Residential Area,Peak,Clear,45,30,100.0,3.58,12.4,4.3,33.54,1006.2,106.72,899.48,5.0
2025-04-13,Tuesday,Route_G,West Campus,Peak,Cloudy,76,50,100.0,3.86,17.1,6.9,34.98,1749.0,123.42,1625.58,4.3
2025-04-13,Tuesday,Route_B,South Campus,Peak,Cloudy,60,30,100.0,6.07,21.4,7.4,26.36,790.8,102.1,688.7,3.6
2025-04-13,Saturday,Route_C,North Campus,Peak,Rainy,53,50,100.0,6.73,21.0,4.3,43.63,2181.5,165.72,2015.78,4.5
2025-04-14,Thursday,Route_A,Market Area,Peak,Cloudy,57,40,100.0,10.48,40.8,8.2,41.23,1649.2,146.65,1502.55,3.0
2025-04-14,Wednesday,Route_E,Residential Area,Peak,Cloudy,53,70,75.7,12.85,33.0,0.0,36.24,1920.72,156.46,1764.26,4.5
2025-04-14,Wednesday,Route_A,Residential Area,Peak,Clear,65,60,100.0,11.48,44.4,11.7,36.41,2184.6,176.12,2008.48,3.7
2025-04-15,Saturday,Route_H,Market Area,Peak,Clear,79,60,100.0,4.37,22.2,11.2,22.57,1354.2,112.87,1241.33,4.3
2025-04-15,Monday,Route_A,Station Area,Peak,Clear,58,50,100.0,4.75,12.4,2.4,34.7,1735.0,137.02,1597.98,4.2
2025-04-15,Thursday,Route_C,Residential Area,Peak,Cloudy,53,60,88.3,16.06,58.6,14.0,20.95,1110.35,187.14,923.21,3.1
2025-04-16,Wednesday,Route_A,Central Area,Peak,Clear,66,40,100.0,10.93,44.8,18.4,19.32,772.8,199.72,573.08,3.3
2025-04-16,Thursday,Route_B,West Campus,Off-Peak,Cloudy,62,60,100.0,15.92,63.9,16.7,44.98,2698.8,219.16,2479.64,3.6
2025-04-17,Monday,Route_B,North Campus,Off-Peak,Clear,47,60,78.3,7.94,25.5,2.1,33.67,1582.49,162.98,1419.51,4.0
2025-04-17,Friday,Route_D,Market Area,Peak,Clear,55,60,91.7,11.83,37.5,1.1,27.93,1536.15,225.62,1310.53,4.2
2025-04-17,Saturday,Route_F,Central Area,Peak,Cloudy,56,50,100.0,10.38,28.4,1.5,23.64,1182.0,202.18,979.82,3.7
2025-04-18,Thursday,Route_G,Market Area,Peak,Clear,87,40,100.0,7.11,14.1,0.0,33.12,1324.8,145.27,1179.53,4.5
2025-04-18,Thursday,Route_E,North Campus,Peak,Clear,35,50,70.0,9.52,40.3,8.2,16.49,577.15,165.99,411.16,3.6
2025-04-18,Saturday,Route_H,East Campus,Off-Peak,Clear,58,60,96.7,10.04,24.8,0.0,17.84,1034.72,142.76,891.96,4.6
2025-04-19,Friday,Route_A,North Campus,Peak,Rainy,55,30,100.0,5.21,21.2,8.4,15.99,479.7,133.25,346.45,3.9
2025-04-19,Monday,Route_A,Station Area,Off-Peak,Cloudy,33,60,55.0,7.04,14.2,0.0,29.98,989.34,148.89,840.45,5.0
2025-04-19,Thursday,Route_C,North Campus,Peak,Clear,62,40,100.0,14.66,39.7,0.0,33.02,1320.8,193.35,1127.45,3.4
2025-04-20,Thursday,Route_F,North Campus,Peak,Clear,52,40,100.0,16.65,61.2,9.6,16.87,674.8,254.43,420.37,2.5
2025-04-20,Wednesday,Route_B,Station Area,Off-Peak,Clear,69,30,100.0,7.76,31.2,14.8,36.64,1099.2,170.49,928.71,3.4
2025-04-21,Friday,Route_E,West Campus,Off-Peak,Cloudy,31,30,100.0,6.91,18.6,1.0,21.91,657.3,115.4,541.9,4.8
2025-04-21,Saturday,Route_D,Residential Area,Off-Peak,Cloudy,39,50,78.0,5.12,17.9,0.0,35.56,1386.84,93.53,1293.31,4.5
2025-04-21,Saturday,Route_B,North Campus,Off-Peak,Clear,25,40,62.5,12.86,39.7,3.1,44.46,1111.5,156.48,955.02,3.3
2025-04-22,Wednesday,Route_H,Station Area,Peak,Clear,55,70,78.6,7.17,17.8,0.0,35.73,1965.15,124.5,1840.65,4.3
2025-04-22,Monday,Route_F,Central Area,Off-Peak,Clear,38,50,76.0,17.8,42.2,0.0,41.5,1577.0,209.42,1367.58,4.1
2025-04-22,Saturday,Route_H,East Campus,Peak,Cloudy,73,40,100.0,7.21,26.2,8.2,43.45,1738.0,164.0,1574.0,2.7
2025-04-23,Friday,Route_G,East Campus,Off-Peak,Cloudy,60,60,100.0,8.31,25.6,7.7,29.6,1776.0,145.09,1630.91,4.2
2025-04-23,Monday,Route_D,North Campus,Peak,Clear,76,70,100.0,11.65,24.9,0.0,36.07,2524.9,150.71,2374.19,4.6
2025-04-23,Saturday,Route_G,West Campus,Off-Peak,Clear,42,60,70.0,14.83,55.7,14.5,40.56,1703.52,183.96,1519.56,3.2
2025-04-24,Friday,Route_C,West Campus,Peak,Clear,70,30,100.0,9.51,38.8,12.9,25.7,771.0,151.59,619.41,3.8
2025-04-24,Wednesday,Route_H,Central Area,Peak,Rainy,37,70,52.9,8.76,30.6,9.2,22.84,845.08,144.9,700.18,3.3
2025-04-24,Thursday,Route_C,North Campus,Peak,Clear,68,60,100.0,17.93,57.7,5.6,43.4,2604.0,200.43,2403.57,2.5
2025-04-25,Wednesday,Route_A,East Campus,Off-Peak,Cloudy,49,40,100.0,2.17,9.1,1.4,36.79,1471.6,68.91,1402.69,3.6
2025-04-25,Monday,Route_G,West Campus,Peak,Cloudy,47,30,100.0,16.32,71.6,27.4,21.59,647.7,194.98,452.72,3.2
2025-04-26,Tuesday,Route_F,North Campus,Peak,Clear,50,50,100.0,4.39,16.5,2.3,28.47,1423.5,95.45,1328.05,4.2
2025-04-26,Friday,Route_H,Market Area,Peak,Clear,73,40,100.0,14.57,51.7,15.4,38.89,1555.6,252.97,1302.63,1.7
2025-04-26,Monday,Route_E,West Campus,Peak,Clear,81,60,100.0,11.89,41.3,9.3,31.41,1884.6,136.37,1748.23,3.0
2025-04-27,Tuesday,Route_D,Station Area,Off-Peak,Cloudy,38,50,76.0,7.47,25.6,3.4,34.5,1311.0,123.35,1187.65,3.7
2025-04-27,Wednesday,Route_B,Market Area,Peak,Cloudy,65,70,92.9,15.98,45.4,2.8,37.61,2444.65,163.87,2280.78,3.3
2025-04-27,Thursday,Route_F,Residential Area,Off-Peak,Cloudy,65,50,100.0,2.21,8.0,3.3,33.66,1683.0,80.17,1602.83,4.6
2025-04-28,Saturday,Route_F,West Campus,Peak,Clear,47,40,100.0,5.63,14.5,0.0,31.2,1248.0,127.52,1120.48,4.9
2025-04-28,Tuesday,Route_C,East Campus,Peak,Clear,38,40,95.0,11.07,38.8,5.5,37.49,1424.62,204.04,1220.58,3.8
2025-04-28,Tuesday,Route_G,South Campus,Off-Peak,Rainy,49,50,98.0,7.62,22.3,0.0,36.83,1804.67,128.88,1675.79,4.4
2025-04-29,Friday,Route_H,Market Area,Off-Peak,Cloudy,32,60,53.3,11.77,46.3,14.8,33.9,1084.8,182.27,902.53,3.3
2025-04-29,Wednesday,Route_H,Residential Area,Peak,Clear,45,60,75.0,2.39,8.0,0.0,25.79,1160.55,87.72,1072.83,4.2
2025-04-30,Tuesday,Route_A,Central Area,Peak,Rainy,81,40,100.0,3.86,10.6,0.0,27.17,1086.8,115.37,971.43,3.0
2025-04-30,Wednesday,Route_A,Central Area,Off-Peak,Cloudy,70,40,100.0,4.03,19.1,10.3,44.11,1764.4,78.75,1685.65,3.6
2025-04-30,Monday,Route_D,East Campus,Peak,Clear,55,30,100.0,5.03,14.5,0.0,18.37,551.1,103.85,447.25,4.1
2025-05-01,Monday,Route_C,West Campus,Off-Peak,Cloudy,65,60,100.0,9.35,23.5,0.0,23.06,1383.6,179.13,1204.47,4.1
2025-05-01,Wednesday,Route_F,North Campus,Off-Peak,Cloudy,40,30,100.0,14.03,55.3,11.6,29.77,893.1,187.2,705.9,2.2
2025-05-01,Wednesday,Route_H,West Campus,Off-Peak,Cloudy,53,50,100.0,16.49,44.3,0.0,40.1,2005.0,201.67,1803.33,3.7
2025-05-02,Saturday,Route_E,East Campus,Peak,Clear,72,50,100.0,15.37,41.7,0.0,19.91,995.5,196.69,798.81,3.9
2025-05-02,Wednesday,Route_C,Central Area,Off-Peak,Clear,36,70,51.4,5.15,19.0,2.7,23.31,839.16,97.92,741.24,4.5
2025-05-02,Thursday,Route_D,West Campus,Peak,Rainy,68,40,100.0,9.06,31.1,11.0,16.97,678.8,197.74,481.06,3.2
2025-05-03,Thursday,Route_D,Central Area,Peak,Clear,50,40,100.0,5.19,16.2,0.7,36.18,1447.2,101.28,1345.92,4.4
2025-05-03,Monday,Route_C,Market Area,Peak,Clear,78,60,100.0,6.23,21.4,8.8,22.15,1329.0,112.24,1216.76,3.5
2025-05-04,Thursday,Route_D,Residential Area,Peak,Clear,59,50,100.0,10.06,27.3,0.0,26.66,1333.0,151.14,1181.86,3.5
2025-05-04,Monday,Route_C,North Campus,Off-Peak,Clear,45,40,100.0,3.09,13.6,1.6,28.31,1132.4,89.54,1042.86,4.8
2025-05-04,Saturday,Route_B,Market Area,Off-Peak,Cloudy,24,70,34.3,5.49,20.4,2.5,41.74,1001.76,93.8,907.96,4.9
2025-05-05,Monday,Route_C,Central Area,Off-Peak,Rainy,39,60,65.0,16.97,65.5,17.1,27.34,1066.26,240.62,825.64,2.8
2025-05-05,Wednesday,Route_G,Central Area,Peak,Clear,74,40,100.0,9.46,29.7,6.4,19.36,774.4,142.73,631.67,2.4
2025-05-05,Monday,Route_C,South Campus,Peak,Clear,46,40,100.0,9.13,30.7,10.6,30.73,1229.2,169.81,1059.39,4.1
2025-05-06,Saturday,Route_D,South Campus,Peak,Clear,75,50,100.0,2.23,10.1,5.8,43.89,2194.5,65.0,2129.5,5.0
2025-05-06,Wednesday,Route_H,Market Area,Off-Peak,Rainy,49,60,81.7,5.96,13.4,0.0,33.23,1628.27,113.7,1514.57,4.6
2025-05-06,Thursday,Route_G,Station Area,Peak,Cloudy,50,30,100.0,15.86,57.7,13.0,44.5,1335.0,241.37,1093.63,2.6
2025-05-07,Monday,Route_D,Market Area,Off-Peak,Clear,33,60,55.0,4.63,13.3,0.0,40.23,1327.59,112.65,1214.94,4.3
2025-05-07,Friday,Route_A,South Campus,Peak,Cloudy,43,50,86.0,8.64,34.0,11.3,16.08,691.44,150.29,541.15,4.2
2025-05-07,Tuesday,Route_A,Central Area,Peak,Rainy,70,40,100.0,2.23,8.0,0.5,34.75,1390.0,105.3,1284.7,3.9
2025-05-08,Saturday,Route_H,East Campus,Off-Peak,Cloudy,40,60,66.7,9.65,26.6,0.0,23.6,944.0,136.13,807.87,4.7
2025-05-08,Tuesday,Route_H,Market Area,Peak,Rainy,67,70,95.7,2.34,9.3,8.2,31.79,2129.93,112.45,2017.48,4.6
2025-05-09,Tuesday,Route_G,Central Area,Off-Peak,Clear,48,30,100.0,15.11,57.1,13.1,23.38,701.4,210.81,490.59,2.9
2025-05-09,Monday,Route_B,East Campus,Off-Peak,Cloudy,56,40,100.0,15.2,52.9,9.4,25.47,1018.8,170.62,848.18,2.9
2025-05-09,Wednesday,Route_H,East Campus,Peak,Clear,39,50,78.0,14.6,57.1,18.3,42.7,1665.3,197.17,1468.13,3.9
2025-05-10,Thursday,Route_A,South Campus,Peak,Cloudy,47,70,67.1,6.53,23.0,11.0,21.2,996.4,127.78,868.62,4.6
2025-05-10,Monday,Route_C,Market Area,Peak,Cloudy,83,70,100.0,15.4,53.3,11.3,41.22,2885.4,195.94,2689.46,3.6
2025-05-10,Friday,Route_D,West Campus,Off-Peak,Cloudy,47,50,94.0,10.69,38.5,8.7,15.91,747.77,156.81,590.96,3.9
2025-05-11,Wednesday,Route_A,North Campus,Peak,Cloudy,77,60,100.0,7.98,31.7,11.1,17.73,1063.8,110.92,952.88,3.6
2025-05-11,Thursday,Route_A,South Campus,Peak,Clear,56,50,100.0,12.01,38.0,3.1,40.64,2032.0,195.91,1836.09,3.7
2025-05-11,Wednesday,Route_B,South Campus,Peak,Clear,50,50,100.0,2.2,8.0,3.5,33.92,1696.0,73.78,1622.22,4.6
2025-05-12,Wednesday,Route_G,West Campus,Off-Peak,Rainy,68,40,100.0,4.29,16.1,5.7,37.42,1496.8,92.52,1404.28,4.2
2025-05-12,Thursday,Route_G,North Campus,Peak,Rainy,50,40,100.0,13.88,46.8,4.8,21.28,851.2,175.83,675.37,3.0
2025-05-13,Monday,Route_F,Central Area,Off-Peak,Clear,65,40,100.0,5.91,16.3,0.6,31.11,1244.4,144.02,1100.38,4.1
2025-05-13,Tuesday,Route_B,Station Area,Off-Peak,Clear,43,50,86.0,11.57,32.5,0.9,37.12,1596.16,181.67,1414.49,4.4
2025-05-13,Friday,Route_C,Market Area,Peak,Clear,66,30,100.0,8.16,26.5,5.6,33.82,1014.6,154.62,859.98,4.1
2025-05-14,Saturday,Route_G,Station Area,Peak,Cloudy,62,70,88.6,15.68,60.5,16.8,29.15,1807.3,157.45,1649.85,3.2
2025-05-14,Wednesday,Route_D,Central Area,Off-Peak,Cloudy,46,40,100.0,17.24,53.5,0.0,43.79,1751.6,281.29,1470.31,3.6
2025-05-14,Tuesday,Route_H,Residential Area,Peak,Clear,76,40,100.0,16.14,59.7,17.0,35.28,1411.2,252.56,1158.64,2.5
2025-05-15,Thursday,Route_B,South Campus,Off-Peak,Clear,45,50,90.0,6.33,21.7,8.1,42.23,1900.35,157.52,1742.83,4.3
2025-05-15,Wednesday,Route_H,North Campus,Peak,Cloudy,74,60,100.0,5.11,11.5,0.0,36.89,2213.4,104.22,2109.18,5.0
2025-05-15,Monday,Route_A,South Campus,Peak,Cloudy,54,30,100.0,9.59,33.2,7.8,37.06,1111.8,150.52,961.28,3.2
2025-05-16,Monday,Route_D,East Campus,Off-Peak,Clear,53,40,100.0,2.12,9.3,4.3,17.4,696.0,102.77,593.23,4.6
2025-05-16,Friday,Route_D,South Campus,Peak,Clear,44,70,62.9,2.41,11.6,8.6,25.78,1134.32,62.62,1071.7,5.0
2025-05-16,Thursday,Route_A,South Campus,Peak,Clear,44,40,100.0,10.85,35.3,2.3,40.75,1630.0,173.94,1456.06,4.5
2025-05-17,Monday,Route_B,Central Area,Peak,Clear,60,40,100.0,10.33,31.2,6.2,21.98,879.2,202.19,677.01,3.6
2025-05-17,Tuesday,Route_A,Central Area,Peak,Clear,66,60,100.0,17.91,52.8,3.2,18.47,1108.2,279.86,828.34,3.6
2025-05-18,Tuesday,Route_H,Central Area,Peak,Cloudy,42,30,100.0,5.23,11.5,0.0,24.78,743.4,148.56,594.84,4.4
2025-05-18,Thursday,Route_F,Station Area,Peak,Rainy,63,50,100.0,6.13,17.2,0.5,21.61,1080.5,127.18,953.32,4.1
2025-05-18,Monday,Route_D,East Campus,Off-Peak,Cloudy,36,50,72.0,3.82,8.6,0.0,42.76,1539.36,83.4,1455.96,4.4
2025-05-19,Monday,Route_E,Residential Area,Peak,Cloudy,80,40,100.0,16.68,50.9,5.5,41.04,1641.6,179.33,1462.27,2.7
2025-05-19,Friday,Route_E,Residential Area,Off-Peak,Clear,27,40,67.5,14.44,39.7,0.0,29.99,809.73,213.92,595.81,4.2
2025-05-19,Monday,Route_H,Central Area,Peak,Clear,59,30,100.0,15.16,45.0,4.2,16.84,505.2,225.59,279.61,2.6
2025-05-20,Thursday,Route_C,North Campus,Off-Peak,Clear,68,40,100.0,16.44,63.0,13.4,36.44,1457.6,194.82,1262.78,2.4
2025-05-20,Tuesday,Route_G,Station Area,Peak,Clear,37,30,100.0,10.4,32.5,0.0,33.7,1011.0,137.66,873.34,5.0
2025-05-20,Monday,Route_A,West Campus,Off-Peak,Cloudy,48,60,80.0,9.22,25.4,0.0,44.12,2117.76,141.35,1976.41,4.8
2025-05-21,Tuesday,Route_A,North Campus,Peak,Rainy,60,50,100.0,7.29,14.7,0.0,31.77,1588.5,145.32,1443.18,4.0
2025-05-21,Friday,Route_C,Market Area,Peak,Clear,70,50,100.0,11.43,25.3,0.0,25.09,1254.5,200.23,1054.27,4.3
2025-05-22,Friday,Route_C,Market Area,Peak,Clear,76,70,100.0,9.27,33.2,12.2,30.57,2139.9,154.73,1985.17,3.5
2025-05-22,Friday,Route_H,North Campus,Peak,Cloudy,37,60,61.7,9.23,24.9,1.2,44.38,1642.06,168.96,1473.1,3.0
2025-05-22,Wednesday,Route_H,Central Area,Peak,Clear,47,30,100.0,16.99,58.2,9.7,35.89,1076.7,253.9,822.8,2.7
2025-05-23,Thursday,Route_C,West Campus,Peak,Clear,60,70,85.7,17.74,45.7,0.0,35.16,2109.6,264.59,1845.01,4.3
2025-05-23,Tuesday,Route_D,West Campus,Off-Peak,Cloudy,62,40,100.0,14.74,57.2,13.9,22.22,888.8,186.23,702.57,3.3
2025-05-23,Tuesday,Route_H,Station Area,Peak,Cloudy,50,30,100.0,14.11,47.0,8.0,37.31,1119.3,201.21,918.09,3.2
2025-05-24,Saturday,Route_F,West Campus,Peak,Clear,63,60,100.0,12.89,34.7,0.6,37.51,2250.6,211.45,2039.15,3.7
2025-05-24,Monday,Route_H,Market Area,Peak,Clear,63,50,100.0,4.66,20.2,6.4,24.52,1226.0,135.15,1090.85,4.4
2025-05-24,Monday,Route_A,East Campus,Off-Peak,Cloudy,42,50,84.0,2.95,8.0,0.0,29.51,1239.42,87.76,1151.66,4.8
2025-05-25,Tuesday,Route_H,Central Area,Peak,Clear,50,40,100.0,13.05,33.8,0.0,23.84,953.6,163.7,789.9,3.5
2025-05-25,Monday,Route_D,West Campus,Peak,Clear,55,50,100.0,13.66,44.0,9.2,22.76,1138.0,177.86,960.14,4.0
2025-05-26,Tuesday,Route_C,Station Area,Peak,Cloudy,44,40,100.0,2.75,8.0,0.0,15.78,631.2,71.57,559.63,4.6
2025-05-26,Thursday,Route_A,Market Area,Off-Peak,Clear,50,70,71.4,16.85,61.1,16.0,23.56,1178.0,187.25,990.75,3.6
2025-05-26,Wednesday,Route_H,East Campus,Off-Peak,Cloudy,51,40,100.0,3.46,8.0,0.0,31.62,1264.8,86.45,1178.35,4.4
2025-05-27,Saturday,Route_D,South Campus,Peak,Clear,43,70,61.4,6.57,15.4,0.0,15.05,647.15,115.36,531.79,5.0
2025-05-27,Friday,Route_F,South Campus,Off-Peak,Rainy,41,50,82.0,12.76,35.9,0.0,23.5,963.5,164.76,798.74,3.2
2025-05-27,Tuesday,Route_H,East Campus,Off-Peak,Clear,66,60,100.0,4.72,8.5,0.0,41.44,2486.4,126.2,2360.2,4.3
2025-05-28,Tuesday,Route_D,Market Area,Peak,Clear,41,60,68.3,2.89,20.7,19.4,32.81,1345.21,79.69,1265.52,4.4
2025-05-28,Wednesday,Route_F,Station Area,Off-Peak,Clear,53,60,88.3,7.3,22.3,0.0,33.24,1761.72,158.74,1602.98,3.5
2025-05-28,Thursday,Route_C,East Campus,Peak,Clear,77,40,100.0,14.26,36.3,0.0,27.1,1084.0,223.49,860.51,1.8
2025-05-29,Tuesday,Route_H,Central Area,Peak,Rainy,74,40,100.0,8.62,31.9,4.1,35.29,1411.6,165.5,1246.1,2.3
2025-05-29,Thursday,Route_F,Central Area,Peak,Rainy,69,40,100.0,12.45,32.0,0.0,20.7,828.0,226.61,601.39,3.2
2025-05-29,Wednesday,Route_A,South Campus,Peak,Clear,55,60,91.7,11.27,47.4,10.2,39.56,2175.8,152.8,2023.0,3.4
2025-05-30,Thursday,Route_C,West Campus,Peak,Clear,79,60,100.0,2.36,8.0,7.4,18.5,1110.0,72.13,1037.87,4.6
2025-05-30,Wednesday,Route_A,Station Area,Off-Peak,Cloudy,69,50,100.0,17.82,37.6,0.0,34.68,1734.0,230.19,1503.81,3.3
2025-05-31,Tuesday,Route_E,South Campus,Peak,Rainy,49,40,100.0,2.66,8.0,2.6,25.23,1009.2,76.63,932.57,4.8
2025-05-31,Saturday,Route_B,West Campus,Peak,Clear,48,50,96.0,17.48,62.1,9.8,37.43,1796.64,250.4,1546.24,2.8
2025-05-31,Friday,Route_H,West Campus,Peak,Clear,75,50,100.0,10.8,32.4,2.2,31.49,1574.5,144.09,1430.41,3.8
2025-06-01,Monday,Route_F,Residential Area,Off-Peak,Clear,70,50,100.0,17.41,41.9,0.0,28.57,1428.5,233.16,1195.34,3.5
2025-06-01,Friday,Route_B,Central Area,Peak,Cloudy,46,60,76.7,3.84,13.6,5.5,20.08,923.68,79.7,843.98,4.6
2025-06-01,Wednesday,Route_B,Market Area,Peak,Clear,82,70,100.0,9.85,31.1,8.8,34.1,2387.0,146.7,2240.3,4.1
2025-06-02,Saturday,Route_F,North Campus,Peak,Cloudy,49,40,100.0,4.71,11.5,0.0,44.24,1769.6,113.42,1656.18,4.5
2025-06-02,Friday,Route_C,Market Area,Peak,Clear,72,50,100.0,2.82,8.2,0.0,39.77,1988.5,102.07,1886.43,3.7
2025-06-02,Wednesday,Route_H,North Campus,Off-Peak,Cloudy,50,50,100.0,11.88,29.6,0.0,16.8,840.0,174.67,665.33,4.6
2025-06-03,Monday,Route_E,East Campus,Off-Peak,Clear,63,40,100.0,5.32,8.0,0.0,26.29,1051.6,90.92,960.68,3.9
2025-06-03,Tuesday,Route_A,Central Area,Peak,Clear,57,40,100.0,11.4,43.0,11.4,42.77,1710.8,125.14,1585.66,3.7
2025-06-04,Thursday,Route_D,West Campus,Off-Peak,Clear,66,30,100.0,3.8,10.7,0.6,30.09,902.7,71.89,830.81,4.1
2025-06-04,Thursday,Route_A,Station Area,Peak,Cloudy,83,70,100.0,7.31,24.5,4.7,34.86,2440.2,163.62,2276.58,4.0
2025-06-04,Tuesday,Route_D,North Campus,Off-Peak,Clear,65,50,100.0,14.51,56.7,13.6,42.38,2119.0,163.36,1955.64,2.0
2025-06-05,Monday,Route_A,Market Area,Peak,Clear,52,50,100.0,8.99,19.1,0.0,41.21,2060.5,156.8,1903.7,5.0
2025-06-05,Friday,Route_F,West Campus,Peak,Clear,66,70,94.3,12.04,41.3,9.0,30.05,1983.3,185.48,1797.82,3.6
2025-06-05,Saturday,Route_E,North Campus,Peak,Clear,77,60,100.0,12.36,42.3,0.0,28.13,1687.8,157.0,1530.8,3.6
2025-06-06,Thursday,Route_H,North Campus,Off-Peak,Cloudy,65,40,100.0,15.5,47.3,0.4,25.19,1007.6,191.79,815.81,2.9
2025-06-06,Monday,Route_D,Residential Area,Peak,Cloudy,59,50,100.0,7.2,16.8,0.0,36.57,1828.5,169.19,1659.31,4.3
2025-06-06,Tuesday,Route_H,North Campus,Peak,Cloudy,58,50,100.0,13.0,33.6,0.0,23.61,1180.5,185.03,995.47,3.9
2025-06-07,Monday,Route_H,Station Area,Peak,Clear,61,60,100.0,17.39,65.7,16.7,22.5,1350.0,237.3,1112.7,2.9
2025-06-07,Saturday,Route_H,Central Area,Off-Peak,Cloudy,62,60,100.0,13.68,53.0,11.6,25.69,1541.4,194.51,1346.89,3.2
2025-06-07,Monday,Route_G,Station Area,Peak,Clear,74,60,100.0,9.84,46.9,18.0,20.32,1219.2,178.14,1041.06,3.2
2025-06-08,Thursday,Route_C,South Campus,Off-Peak,Clear,63,40,100.0,12.09,53.7,21.2,35.85,1434.0,159.35,1274.65,2.9
2025-06-08,Tuesday,Route_A,West Campus,Off-Peak,Clear,37,60,61.7,13.83,54.8,11.5,33.49,1239.13,230.32,1008.81,3.5
2025-06-09,Thursday,Route_H,Central Area,Peak,Clear,46,30,100.0,11.8,37.9,6.7,29.49,884.7,195.45,689.25,3.5
2025-06-09,Thursday,Route_A,Residential Area,Off-Peak,Cloudy,70,40,100.0,2.27,8.1,3.4,26.71,1068.4,95.89,972.51,4.4
2025-06-09,Friday,Route_H,Central Area,Peak,Cloudy,53,40,100.0,5.12,21.3,11.7,42.27,1690.8,147.77,1543.03,3.9
2025-06-10,Tuesday,Route_D,Central Area,Off-Peak,Cloudy,35,30,100.0,14.97,33.7,0.0,15.87,476.1,223.09,253.01,4.9
2025-06-10,Monday,Route_C,Market Area,Peak,Clear,47,40,100.0,6.36,23.1,2.8,38.07,1522.8,127.05,1395.75,4.9
2025-06-10,Monday,Route_C,Central Area,Off-Peak,Clear,70,60,100.0,13.7,42.8,8.9,42.06,2523.6,173.97,2349.63,3.8
2025-06-11,Saturday,Route_F,Residential Area,Off-Peak,Clear,66,70,94.3,7.95,15.8,0.0,28.39,1873.74,139.06,1734.68,3.8
2025-06-11,Friday,Route_G,Station Area,Off-Peak,Clear,25,40,62.5,10.35,24.9,0.0,31.52,788.0,188.67,599.33,4.6
2025-06-11,Thursday,Route_F,Central Area,Off-Peak,Clear,64,40,100.0,3.09,9.9,5.5,43.33,1733.2,105.98,1627.22,4.1
2025-06-12,Thursday,Route_F,East Campus,Peak,Clear,78,40,100.0,4.9,20.9,2.6,21.37,854.8,136.07,718.73,3.1
2025-06-12,Thursday,Route_F,West Campus,Peak,Clear,55,40,100.0,17.32,53.6,8.0,30.6,1224.0,232.54,991.46,2.8
2025-06-13,Monday,Route_F,Central Area,Off-Peak,Clear,36,30,100.0,16.24,57.9,7.7,29.24,877.2,197.99,679.21,2.6
2025-06-13,Saturday,Route_F,West Campus,Peak,Cloudy,48,70,68.6,12.44,38.8,2.1,22.75,1092.0,156.69,935.31,4.1
2025-06-13,Wednesday,Route_E,East Campus,Peak,Rainy,38,40,95.0,9.35,34.9,9.7,39.56,1503.28,142.78,1360.5,4.7
2025-06-14,Wednesday,Route_C,East Campus,Off-Peak,Rainy,65,50,100.0,12.81,33.0,0.0,41.99,2099.5,177.35,1922.15,4.0
2025-06-14,Wednesday,Route_F,West Campus,Off-Peak,Cloudy,36,30,100.0,11.9,30.6,0.0,38.46,1153.8,165.65,988.15,5.0
2025-06-14,Monday,Route_H,North Campus,Off-Peak,Clear,57,60,95.0,11.1,39.8,3.7,20.86,1189.02,175.89,1013.13,3.1
2025-06-15,Monday,Route_C,South Campus,Peak,Cloudy,88,60,100.0,2.95,8.0,3.3,17.6,1056.0,97.45,958.55,4.0
2025-06-15,Friday,Route_C,Market Area,Off-Peak,Cloudy,50,70,71.4,12.12,30.6,0.0,33.16,1658.0,158.06,1499.94,3.7
2025-06-15,Monday,Route_B,North Campus,Peak,Clear,79,60,100.0,14.3,41.8,4.0,16.71,1002.6,158.72,843.88,3.8
2025-06-16,Thursday,Route_E,North Campus,Off-Peak,Clear,52,40,100.0,17.91,41.8,0.0,35.18,1407.2,204.49,1202.71,3.3
2025-06-16,Tuesday,Route_F,Station Area,Peak,Cloudy,43,40,100.0,2.18,8.0,0.0,30.91,1236.4,72.88,1163.52,4.9
2025-06-17,Wednesday,Route_A,Market Area,Off-Peak,Clear,32,60,53.3,13.68,41.8,1.7,34.88,1116.16,183.21,932.95,4.0
2025-06-17,Tuesday,Route_D,Market Area,Off-Peak,Clear,49,50,98.0,11.15,38.2,2.7,32.71,1602.79,157.72,1445.07,3.2
2025-06-17,Wednesday,Route_G,North Campus,Peak,Clear,63,50,100.0,8.94,35.2,5.0,27.68,1384.0,139.17,1244.83,3.4
2025-06-18,Friday,Route_H,Central Area,Off-Peak,Clear,70,30,100.0,4.04,12.5,1.2,21.03,630.9,84.05,546.85,4.2
2025-06-18,Tuesday,Route_A,Station Area,Peak,Clear,65,30,100.0,8.55,37.1,14.2,24.17,725.1,167.69,557.41,2.8
2025-06-18,Thursday,Route_E,Station Area,Off-Peak,Clear,54,50,100.0,7.67,33.4,20.8,30.74,1537.0,133.63,1403.37,3.2
2025-06-19,Wednesday,Route_D,East Campus,Off-Peak,Clear,69,50,100.0,6.85,23.7,6.8,34.56,1728.0,131.22,1596.78,3.5
2025-06-19,Thursday,Route_E,Residential Area,Peak,Clear,55,60,91.7,13.69,46.6,12.8,38.38,2110.9,199.01,1911.89,3.4
2025-06-19,Saturday,Route_H,Market Area,Off-Peak,Cloudy,40,40,100.0,13.21,40.6,2.8,38.02,1520.8,194.2,1326.6,3.9
2025-06-20,Friday,Route_C,North Campus,Off-Peak,Clear,42,50,84.0,11.42,33.2,2.6,44.18,1855.56,187.69,1667.87,4.0
2025-06-20,Tuesday,Route_D,East Campus,Peak,Clear,60,40,100.0,17.02,55.7,6.2,23.58,943.2,257.55,685.65,2.5
2025-06-20,Monday,Route_C,West Campus,Peak,Clear,34,30,100.0,7.6,19.7,6.9,17.13,513.9,161.32,352.58,4.8
2025-06-21,Tuesday,Route_H,South Campus,Off-Peak,Rainy,23,50,46.0,5.9,9.2,0.0,25.37,583.51,142.19,441.32,4.8
2025-06-21,Thursday,Route_A,Residential Area,Off-Peak,Clear,54,40,100.0,12.49,43.8,6.7,37.3,1492.0,201.59,1290.41,3.4
2025-06-22,Monday,Route_H,Residential Area,Off-Peak,Clear,57,40,100.0,5.18,15.8,4.6,28.14,1125.6,100.62,1024.98,4.0
2025-06-22,Wednesday,Route_A,Residential Area,Off-Peak,Rainy,57,40,100.0,7.04,22.3,3.8,39.53,1581.2,98.8,1482.4,4.7
2025-06-22,Thursday,Route_D,Station Area,Peak,Cloudy,53,40,100.0,5.59,20.6,4.6,31.48,1259.2,133.47,1125.73,4.0
2025-06-23,Tuesday,Route_D,West Campus,Off-Peak,Clear,61,30,100.0,3.11,16.7,12.3,42.89,1286.7,85.67,1201.03,3.9
2025-06-23,Friday,Route_F,Residential Area,Peak,Cloudy,53,30,100.0,15.24,62.0,18.2,43.44,1303.2,182.32,1120.88,2.9
2025-06-23,Monday,Route_E,West Campus,Peak,Clear,71,40,100.0,6.07,27.2,10.8,17.08,683.2,145.99,537.21,3.6
2025-06-24,Monday,Route_F,Central Area,Peak,Clear,76,30,100.0,9.57,33.2,7.2,28.69,860.7,153.45,707.25,3.0
2025-06-24,Friday,Route_E,Residential Area,Peak,Clear,61,50,100.0,2.69,9.0,0.0,33.29,1664.5,85.38,1579.12,3.7
2025-06-24,Wednesday,Route_F,South Campus,Peak,Clear,65,40,100.0,13.19,52.4,10.1,22.68,907.2,189.24,717.96,3.0
2025-06-25,Thursday,Route_C,West Campus,Peak,Cloudy,48,40,100.0,7.29,23.9,7.3,27.21,1088.4,166.58,921.82,4.2
2025-06-25,Wednesday,Route_D,West Campus,Off-Peak,Clear,39,40,97.5,13.92,38.9,0.0,35.33,1377.87,188.49,1189.38,4.1
2025-06-26,Tuesday,Route_A,South Campus,Peak,Clear,79,60,100.0,8.6,32.1,7.9,21.8,1308.0,166.36,1141.64,3.7
2025-06-26,Friday,Route_E,Residential Area,Peak,Cloudy,82,60,100.0,5.13,15.8,7.2,33.06,1983.6,147.09,1836.51,3.8
2025-06-26,Friday,Route_H,South Campus,Peak,Cloudy,42,60,70.0,10.21,29.7,0.8,35.92,1508.64,167.15,1341.49,4.6
2025-06-27,Thursday,Route_E,West Campus,Peak,Clear,63,60,100.0,4.09,10.7,0.0,17.71,1062.6,74.55,988.05,4.8
2025-06-27,Tuesday,Route_A,South Campus,Peak,Cloudy,74,50,100.0,9.05,16.5,0.0,29.93,1496.5,130.84,1365.66,3.4
2025-06-27,Thursday,Route_F,West Campus,Peak,Clear,44,60,73.3,7.08,28.5,7.5,22.89,1007.16,123.66,883.5,4.8
2025-06-28,Wednesday,Route_E,West Campus,Peak,Cloudy,45,50,90.0,16.59,52.0,7.8,36.73,1652.85,178.59,1474.26,2.7
2025-06-28,Monday,Route_G,Central Area,Off-Peak,Cloudy,35,40,87.5,2.97,8.0,3.7,20.69,724.15,125.42,598.73,5.0
2025-06-28,Saturday,Route_C,North Campus,Peak,Rainy,46,40,100.0,13.1,35.4,3.6,41.77,1670.8,230.1,1440.7,4.5
2025-06-29,Monday,Route_D,West Campus,Peak,Clear,48,40,100.0,4.92,18.7,3.9,27.93,1117.2,123.56,993.64,3.8
2025-06-29,Saturday,Route_A,Residential Area,Peak,Clear,50,70,71.4,7.1,25.9,10.7,20.94,1047.0,166.11,880.89,4.2
2025-06-30,Wednesday,Route_D,East Campus,Off-Peak,Clear,42,50,84.0,8.65,23.6,1.3,28.14,1181.88,159.81,1022.07,4.3
